{
    "seed": 12345,
    "camera_x": 1.3694444444444354,
    "camera_y": -4.419444444444543,
    "zoom": 1.0
}