{
    "seed": 12345,
    "camera_x": -0.5125000000000066,
    "camera_y": -2.1680555555556063,
    "zoom": 1.0
}