{
    "seed": 12345,
    "camera_x": -5.913260041697295,
    "camera_y": 16.202518513364307,
    "zoom": 0.3138428376721003
}